Iteration,FNIR_c,FNIR_a,FPIR_c,FPIR_a,FPD,FND,GARBE,Threshold
1,0.044219564550751295,0.028453708191953492,0.05548072445859919,0.0012085889264714313,45.90536836213004,1.5540879275569248,12.641908036200205,0.4
2,0.03947766788206954,0.02244833569963717,0.05308714769351626,0.001232948721399689,43.057057010079106,1.758601093391859,12.083215072563672,0.4
3,0.04210113132877365,0.021311368667795292,0.05385862552735091,0.001310982405633824,41.082642442518136,1.975524509359288,11.752303992649,0.4
